﻿<?xml version="1.0" encoding="utf-8" ?> 
<LevelContainer>
  <Levels>
  <Level>
    <level>0</level>
    <weakPoints>2</weakPoints>
    <waves>2</waves>
    <enemiesPerWave>10</enemiesPerWave>
</Level>
    <Level>
      <level>1</level>
      <weakPoints>3</weakPoints>
      <waves>4</waves>
      <enemiesPerWave>20</enemiesPerWave>
    </Level>
    <Level>
      <level>2</level>
      <weakPoints>5</weakPoints>
      <waves>6</waves>
      <enemiesPerWave>30</enemiesPerWave>
    </Level>
    <Level>
      <level>3</level>
      <weakPoints>8</weakPoints>
      <waves>8</waves>
      <enemiesPerWave>40</enemiesPerWave>
    </Level>
    </Levels>
</LevelContainer>